,Question,Correct_Answer_Text,fr_model_answer,x_fr_correct,y_fr_correct,final_ruling
0,Which band was Paul McCartney a member of?,The Beatles,The Beatles}.,Y,Y,Y
1,What is the short pleated skirt worn by Scottish men?,Kilt,"Kilt}.
",N,Y,Y
2,"What is the hard, white material sourced from elephant tusks?",Ivory,Ivory},Y,Y,Y
3,What word means to trade by exchanging goods for other goods rather than money?,Barter,Barter},Y,Y,Y
4,What is an airplane without an engine called?,Glider,Glider},Y,Y,Y
5,What is the term for the first aid instrument which stops the flow of blood in an artery preventing it from being lost through a wound?,Tourniquet,"Tourniquet}.
",N,Y,Y
6,What is the name of the nylon fabric which has two pieces which stick to each other and is used as a fastener?,Velcro,Velcro},Y,Y,Y
7,What is the last name of the person who sang 'I did it my way'?,Sinatra,Sinatra}.,Y,Y,Y
8,What is the name of the song traditionally sung at the stroke of midnight on New Year's Eve?,Auld Lang Syne,Auld Lang Syne},Y,Y,Y
9,What is the last name of the boxer who later become known as Mohammed Ali?,Clay,Clay},Y,Y,Y
10,What is the traditional daytime sleep in Spain?,Siesta,Siesta},Y,Y,Y
11,"In what park is ""Old Faithful"" located?",Yellowstone,"Yellowstone National Park}.
",N,Y,Y
12,What is the name of the art of Japanese paper folding?,Origami,Origami},Y,Y,Y
13,Who was England's prime minister during World War II?,Churchill,"Winston Churchill}.
",N,Y,Y
14,"What is the word ""memo"" short for?",Memorandum,Memorandum},Y,Y,Y
15,What is the colored portion of the eye?,Iris,Iris},Y,Y,Y
16,What is the name of the shell from which people hear the sea?,Conch,Seashell},N,N,N
17,"What do you call the vessel, usually an ornamental vase on a pedestal, which is used to preserve the ashes of the dead?",Urn,Urn},Y,Y,Y
18,What do you call an instrument for performing calculations by sliding beads along rods or grooves?,Abacus,"Abacus}.
",N,Y,Y
19,What device blows air on to a fire to make it hotter?,Bellows,Blower},N,N,N
20,"What is the proper name for a ""tidal wave""?",Tsunami,"Tsunami}.
",N,Y,Y
21,What is a goat's offspring called?,Kid,Kid},Y,Y,Y
22,What optical instrument allows crews of submerged submarines to look at surface ships?,Periscope,Periscope},Y,Y,Y
23,What is the term for nautical mile per hour?,Knot,Knots},Y,Y,Y
24,What is the name of the loch (lake) in Scotland that is supposedly home of a legendary monster?,Ness,Loch Ness}.,Y,Y,Y
25,What is the name of the Egyptian plant that is cut into strips and pressed into a material to write on?,Papyrus,Papyrus},Y,Y,Y
26,Which video game character is a plumber?,Super Mario,"Mario}.
",N,Y,Y
27,"What is the craft of tying knots to make belts, bags, and plant hangers?",Macrame,Macrame},Y,Y,Y
28,What is the last name of the doctor who first developed a vaccine against polio?,Salk,Salk},Y,Y,Y
29,What is the name of the hillbilly family who had the famous feud with the McCoys?,Hatfield,Hatfields}.,Y,Y,Y
30,What is the name of the man who created the comic strip 'Peanuts'?,Shultz,Charles M. Schulz},Y,Y,Y
31,In mammals the period of time between fertilization of the egg and the birth of the young is known by what scientific term?,Gestation,Gestation},Y,Y,Y
32,Which was the 49th state to join the Union?,Alaska,Alaska}.,Y,Y,Y
33,What is the term frequently applied to Christ's doctrine of doing to others as we would wish them to do unto us?,Golden Rule,"Golden Rule}.
",N,Y,Y
34,What was the name given to the geographic line in the United States which was the separation of slavery and freedom?,Mason-Dixon Line,Mason-Dixon Line},Y,Y,Y
35,Of which country is Budapest the capital?,Hungary,Hungary}.,Y,Y,Y
36,What do you call a question that is asked for effect with no answer expected?,Rhetorical,Rhetorical question},Y,Y,Y
37,What word means to formally renounce a throne?,Abdicate,Abdicate},Y,Y,Y
38,Which president suffered from polio?,Roosevelt,"Franklin D. Roosevelt}.
",N,Y,Y
39,"What do you call a savory sauce in which meat, fish, or a vegetable is soaked before cooking to enhance the flavor?",Marinade,Marinade},Y,Y,Y
40,What is the term for someone who doubts but does not deny the existence of God?,Agnostic,"Agnostic}.
",N,Y,Y
41,What was the name of the body of water where Thoreau studied for two years?,Walden Pond, Walden Pond },Y,Y,Y
42,Where was the Declaration of Independence signed?,Philadelphia,"Philadelphia}.
",N,Y,Y
43,"What word means to shed hair, feathers, or an outer layer periodically, as with the changing seasons?",Molt,Moult},Y,Y,Y
44,"What is the musical term that means ""without instrumental accompaniment""?",A capella,A cappella},Y,Y,Y
45,What do we call the bone which composes the lower jaw?,Mandible,"Mandible}.
",N,Y,Y
46,What is the last name of the first female pilot to cross the Atlantic?,Earhart,Earhart},Y,Y,Y
47,What nickname was given to Northerners who went south after the Civil War and took advantage of Southern poverty?,Carpetbaggers,"Carpetbaggers}.
",N,Y,Y
48,What was the last name of the author who wrote the fable about the fox who assumed the grapes he couldn't reach were sour anyway?,Aesop,La Fontaine},N,N,N
49,What are the wooden clappers called that Spanish dancers hold in their hands?,Castanets,Castanets},Y,Y,Y
50,What was the name of the vehicle used to carry and cook food on cattle drives?,Chuckwagon,Chuckwagon},Y,Y,Y
51,What are people who make maps called?,Cartographers,Cartographers},Y,Y,Y
52,What is the unit that marks sound intensity?,Decibel,Decibel},Y,Y,Y
53,What is the front section of a boat?,Bow,Bow},Y,Y,Y
54,Humans are classified as what species?,Sapiens,"Homo sapiens}.
",N,Y,Y
55,What is the name of the palace in London in which the Monarch of England resides?,Buckingham,Buckingham Palace},Y,Y,Y
56,What is the resort city on the French Riviera between Nice and St. Tropez where a famous film festival is held?,Cannes,Cannes},Y,Y,Y
57,"What do you call a feeling of resentment, often at some fancied slight or insult? (usually follows the verb ""take"")",Umbrage,Offense},N,N,N
58,What is the name of a mixture of dried spices and flowers used for perfuming a room?,Potpourri,Potpourri},Y,Y,Y
59,What is the order of lower mammals including kangaroos and opossums which carry their young in an abdominal pouch?,Marsupialia,"Marsupials}.
",N,Y,Y
60,Who is the artist that painted everyday objects such as soup cans?,Warhol,Andy Warhol}.,Y,Y,Y
61,What do you call a plant material such as straw used as a roofing material for a house?,Thatch,Thatch},Y,Y,Y
62,"What is the name of the unrhymed verse form of Japanese origin having three lines containing usually 5, 7, and 5 syllables?",Haiku,"Haiku}.
",N,Y,Y
63,What is the capital of Thailand?,Bangkok,"Bangkok}.
",N,Y,Y
64,"Who is the oldest sister in ""The Brady Bunch""?",Marcia,Marcia},Y,Y,Y
65,What word means to divide an area into electoral district in order to give special advantage to one political party?,Gerrymander,Gerrymandering},Y,Y,Y
66,What is the fin on the back of a fish called?,Dorsal,Dorsal fin},Y,Y,Y
67,What mammal has armor-like bony plates as its most distinguishing feature?,Armadillo,Armadillo},Y,Y,Y
68,What did the Seven Dwarves do for a living?,Mining,"Mining}.
",N,Y,Y
69,What river separates Washington D.C. from Virginia?,Potomac,"The Potomac River}.
",N,Y,Y
70,What do you call a member of a volunteer group organized to suppress and punish crime (as when legal processes seem inadequate)?,Vigilante,Vigilante},Y,Y,Y
71,What instrument is used to measure earthquakes?,Seismograph,"Seismograph}.
",N,Y,Y
72,What was the land where Puff the Magic Dragon lives?,Honalee,"Honah Lee}.
",N,Y,Y
73,What sailor's disease resulted from a deficiency in vitamin C?,Scurvy,"Scurvy}.
",N,Y,Y
74,What is the technical term for the phenomenon commonly known as the Northern Lights?,Aurora Borealis,Aurora borealis},Y,Y,Y
75,What type of paper is commonly used as an acid-base indicator in chemistry classes?,Litmus,"Litmus paper}.
",N,Y,Y
76,What is the name of the short sword fastened to the end of a musket or rifle?,Bayonet,Bayonet},Y,Y,Y
77,Where is the Amazon rainforest located?,Brazil,"South America}.
",N,Y,Y
78,What device is used to measure levels of radioactivity?,Geiger Counter,"Geiger counter}.
",N,Y,Y
79,Who was the magician and prophet from King Arthur's era?,Merlin,"Merlin}.
",N,Y,Y
80,What was the name of the disorder depicted by Dustin Hoffman's character in the movie 'Rainman' otherwise known as Idiot Savantism?,Autism,"Autism}.
",N,Y,Y
81,What does VoIP stand for?,Voice over Internet Protocol,Voice over Internet Protocol},Y,Y,Y
82,Who defeated Pres. Harry Truman in the 1948 election according to an infamous Chicago Tribune headline?,Thomas Dewey,Dewey}.,Y,Y,Y
83,What is the name of the migratory grasshopper that travels in vast swarms and strips areas passed of all vegetation?,Locust,Locust},Y,Y,Y
84,What city is the capital of Iceland?,Reykjavik,Reykjavik},Y,Y,Y
85,Who was the first female Supreme Court justice?,O'Connor,"Sandra Day O'Connor}.
",N,Y,Y
86,Who was the composer who worked with deafness?,Beethoven,Beethoven}.,Y,Y,Y
87,What is the last name of the man who assassinated Robert Kennedy?,Sirhan,Sirhan}.,Y,Y,Y
88,What is a community of ants called?,Colony,Colony},Y,Y,Y
89,What is the last name of the actor who played Perry Mason on TV?,Burr,Raymond}.,N,N,N
90,What do you call a stone building (often found in cemetery) with places for entombment of the dead above ground?,Mausoleum,Mausoleum},Y,Y,Y
91,"What is the former name of Istanbul, which was used when the city was occupied by Christians?",Constantinople,Constantinople},Y,Y,Y
92,"What was the last name of Lucille Ball's first husband, who starred with her on ""I Love Lucy""?",Arnaz,DeVito},N,N,N
93,What is the name of the three leaf clover which is the emblem of Ireland?,Shamrock,Shamrock},Y,Y,Y
94,What was the name of the infamous American traitor in the Revolutionary War?,Arnold,"Benedict Arnold}.
",N,Y,Y
95,What is a group of geese called?,Gaggle,"A gaggle}.
",N,Y,Y
96,What is a young female horse called?,Filly,Filly},Y,Y,Y
97,What is the name of the disease of the liver caused by abnormally high levels of bile in the blood that gives the skin a yellow color?,Jaundice,"Jaundice}.
",N,Y,Y
98,What is the last name of the man who began the Reformation in Germany?,Luther,Luther}.,Y,Y,Y
99,What is the name of the islands off the coast of Ecuador that Darwin visited to study unique species of birds and animals?,Galapagos,Galapagos Islands}.,Y,Y,Y
100,"What is the word that means to cause to explode or to set off, for example: a bomb?",Detonate,Detonate},Y,Y,Y
101,What is the orbiting particle of an atom?,Electron,"Electron}.
",N,Y,Y
102,What was the last name of the female mouseketeer who later appeared in commercials for peanut butter?,Funicello,"Mouseketeer}.
",N,N,N
103,What is the famous prehistoric structure situated on Salisbury Plain England?,Stonehenge,"Stonehenge}.
",N,Y,Y
104,What seasonal South Asian wind is characterized by heavy rains?,Monsoon,Monsoon},Y,Y,Y
105,What is the name of the legendary race of female warriors?,Amazons,Amazons},Y,Y,Y
106,What is the wand called which is held in the hand as a symbol of regal or imperial power?,Scepter,Sceptre},Y,Y,Y
107,What was the name of the medieval code of honor practiced by knights that among other things elevated the position of women?,Chivalry,Chivalry},Y,Y,Y
108,"Who said the phrase, ""To be or not to be""?",Hamlet,"Hamlet}.
",N,Y,Y
109,What is a group of lines in a poem called?,Stanza,Stanza},Y,Y,Y
110,Over which river is the George Washington Bridge?,Hudson,"Hudson River}.
",N,Y,Y
111,"What is the last name of the actor who received the Best Actor award for the movie ""On The Waterfront""?",Brando,Marlon Brando}.,Y,Y,Y
112,What was the location of George Washington's encampment where his men suffered every conceivable hardship from 1777-1778?,Valley Forge,Valley Forge},Y,Y,Y
113,What was the last name of the nearly blind impressionist artist who painted a series of mural-sized pictures of water lilies near the end of his life?,Monet,Monet}.,Y,Y,Y
114,What dwarf kills himself when a young bride guesses his highly unusual name?,Rumpelstiltskin,"Grendel}.
",N,N,N
115,What word means to bleed heavily or uncontrollably?,Hemorrhage,Hemorrhage},Y,Y,Y
116,What is the name of the strait between Alaska and Siberia?,Bering,Bering Strait},Y,Y,Y
117,What is the last name of the current mayor of New York City?,De Blasio,Adams}.,N,N,?
118,What beetle was held sacred by ancient Egyptians?,Scarab,"Scarab}.
",N,Y,Y
119,What river in Hades does Charon ferry dead souls across?,Styx,"Styx}.
",N,Y,Y
120,Who shot an apple off of his son's head in the 14th century?,William Tell,"William Tell}.
",N,Y,Y
121,What is the last name of the author of Little Women?,Alcott,March},N,N,N
122,What is last name of the woman who wrote Gone With the Wind?,Mitchell,Mitchell},Y,Y,Y
123,What is the last name of the author of 'The Hobbit'?,Tolkien,Tolkien}.,Y,Y,Y
124,What did the Wright Brothers do before inventing an aircraft?,Built bicycles,"Manufactured and sold bicycles}.
",N,Y,Y
125,"What is the last name of the actress who played Gloria on TV's ""All in the Family""?",Struthers,Rhea}.,N,N,N
126,"What is the last name of the actor who starred in both the Broadway production and the film, ""A Streetcar Named Desire""?",Brando,Brando},Y,Y,Y
127,"What is the last name of the Romanian gymnast who scored 7 perfect ""10's"" and won 3 gold medals in the 1976 Olympics?",Comaneci,Nadia},N,N,N
128,"What do you call a habitual spasmodic motion or twitching of particular muscles, especially in the face?",Tic,"Tic}.
",N,Y,Y
129,What is the river that flows north from Switzerland to Holland and forms the border between Germany and France?,Rhine,"Rhine}.
",N,Y,Y
130,What was the harp-like instrument used in ancient Greece to accompany singing and recitation?,Lyre,Lyre},Y,Y,Y
131,"What was the name of the zeppelin, blimp, that exploded in Lake Hurst, New Jersey in 1937?",Hindenburg,Hindenburg}.,Y,Y,Y
132,What is a male witch called?,Warlock,Wizard},Y,Y,Y
133,What is the first name of the school teacher who was chased by the headless horseman in 'The Legend of Sleepy Hollow'?,Ichabod,Ichabod}.,Y,Y,Y
134,What is the last name of the author of 'Uncle Tom's Cabin'?,Stowe,Stowe},Y,Y,Y
135,What was the last name of Scrooge's dead partner in Dickens' 'A Christmas Carol?',Marley,Marley},Y,Y,Y
136,What is the term for when three musical notes are played together?,Chord,"Chord}.
",N,Y,Y
137,What do you call the three periods(...) used to indicate an omission or a pause?,Ellipsis,Ellipsis},Y,Y,Y
138,What word would means having a healthy reddish color?,Ruddy,Rosy},N,Y,Y
139,What is the last name of the author who wrote the Sherlock Holmes stories?,Doyle,Doyle}.,Y,Y,Y
140,What game was Deep Blue skilled at?,Chess,"Chess}.
",N,Y,Y
141,"Who was Time Magazine's 1938 ""Man of the Year""?",Adolph Hitler,"Adolf Hitler}.
",N,Y,Y
142,Who was the fictional character who married his mother and blinded himself?,Oedipus, Oedipus },Y,Y,Y
143,What was the name of the German Secret State Police?,Gestapo,"Gestapo}.
",N,Y,Y
144,What peace treaty ended World War I?,Versailles,"The Treaty of Versailles}.
",N,Y,Y
145,"Which bone does the colloquial term ""jawbone"" refer to?",Mandible,"Mandible}.
",N,Y,Y
146,Which Aerosmith song was re-made by Run D.M.C.?,Walk this Way,Walk This Way},Y,Y,Y
147,What is the name for the legendary Egyptian sculpture which asked people a famous riddle?,Sphinx,"The Sphinx}.
",N,Y,Y
148,What is the capital of Finland?,Helsinki,Helsinki}.,Y,Y,Y
149,What is the capital of Canada?,Ottawa,Ottawa}.,Y,Y,Y
150,What is the last name of the inventor of the wireless radio?,Marconi,Marconi},Y,Y,Y
151,What is the largest city and capital of Kenya?,Nairobi,"Nairobi}.
",N,Y,Y
152,Who was the most famous Greek doctor?,Hippocrates,"Hippocrates}.
",N,Y,Y
153,What is the last name of the husband-wife spies who were electrocuted in 1951 for passing atomic secrets to Russia?,Rosenberg,Rosenberg}.,Y,Y,Y
154,What is the gas that forms dry ice when frozen?,Carbon dioxide,"Carbon dioxide}.
",N,Y,Y
155,What was the last name of the explorer who tramped through what is now Florida looking for the fountain of youth?,Ponce De Leon,Ponce de León},Y,Y,Y
156,What is the last name of the author of 'Call of the Wild'?,London,London}.,Y,Y,Y
157,What kind of poison did Socrates take as his execution?,Hemlock,"Hemlock}.
",N,Y,Y
158,What is the last name of the woman who founded the American Red Cross?,Barton,Custer},N,N,N
159,Who was the person who visited the Lilliputians?,Gulliver,"Gulliver}.
",N,Y,Y
160,Who was Robin Hood's greatest enemy?,Sheriff of Nottingham,"Prince John}.
",N,?,N
161,What is the navigation instrument used at sea to plot positioning by the stars?,Sextant,"Celestial navigation}.
",N,N,N
162,"What do you call a word or sentence that reads the same backward or forward, such as ""Madam, I'm Adam""?",Palindrome,Palindrome},Y,Y,Y
163,Which body of water separates Central and South America?,Panama Canal,"The Panama Canal}.
",N,Y,Y
164,What word means to cut or chop (food) into very small pieces?,Mince,Minced},Y,Y,Y
165,What was the capital of Czechoslovakia?,Prague,Prague}.,Y,Y,Y
166,What is the mixture of two or more metallic elements?,Alloy,Alloy},Y,Y,Y
167,What do you call the leather band formerly used for sharpening an old-fashioned razor?,Strop,Strop},Y,Y,Y
168,What is the colloquial term for patella?,Kneecap,"Kneecap}.
",N,Y,Y
169,What is the name of the hardwood of an (Asian) Indian timber tree often used for furniture?,Teak,Teak},Y,Y,Y
170,Who was Elton John's chief lyricist?,Bernie Taupin,"Bernie Taupin}.
",N,Y,Y
171,"Which serial killer called himself ""Son of Sam""?",David Berkowitz,David Berkowitz},Y,Y,Y
172,"Who is known as ""The Father of Geometry""?",Euclid,"Euclid}.
",N,Y,Y
173,What was the name of the Union ironclad ship that fought the Confederate ironclad Merrimack?,Monitor,Monitor},Y,Y,Y
174,In 'Romeo and Juliet' who were the Montagues feuding with?,Capulets,"The Capulets}.
",N,Y,Y
175,"What is the last name of the actor who starred in ""Hart to Hart"" and ""Switch"" on TV and also in many movies?",Wagner,Hartford},N,N,N
176,What do you call a person who collects and studies stamps?,Philatelist,"Philatelist}.
",N,Y,Y
177,What is the name of the river that runs through Rome?,Tiber,"Tiber}.
",N,Y,Y
178,What is the name of the mountain range that separates Asia from Europe?,Ural,The Ural Mountains},Y,Y,Y
179,What was the 2001 event that led to the bankruptcy of a U.S. energy company and resulted in the dissolution of Arthur Anderson?,The Enron Scandal,"Enron scandal}.
",N,Y,Y
180,"Whose autobiography is titled ""Lady Sings the Blues""?",Billie Holiday,Billie Holiday}.,Y,Y,Y
181,What is the name of the Viking who discovered Greenland?,Erik the Red,Erik the Red},Y,Y,Y
182,What was Bob Dylan's birth name?,Robert Zimmerman,Robert Zimmerman},Y,Y,Y
183,Where was the 1939 World's Fair held?,New York City,New York City}.,Y,Y,Y
184,What did the irascible Ted Williams do in the final at bat of his 19-year major-league career?,Hit a home run,Hit a home run}.,Y,Y,Y
185,On top of which mountain was Moses given the Ten Commandments?,Sinai,"Mount Sinai}.
",Y,Y,Y
186,What is the last name of the Cuban leader that Castro overthrew?,Batista,Batista},Y,Y,Y
187,What is the name of the fountain in Rome into which coins are thrown for good luck?,Trevi,"Trevi Fountain}.
",N,Y,Y
188,What was the English settlement that vanished in the late 1580s?,Roanoke,Roanoke}.,Y,Y,Y
189,What do you call a moderately fast gait of a horse in which the legs move in diagonal pairs?,Trot,Trot},Y,Y,Y
190,What is the term given to pure spiritual love which is devoid of carnal desires between members of opposite sexes?,Platonic,Platonic love},Y,Y,Y
191,What was the disease known as the 'Black Plague'?,Bubonic,"Bubonic plague}.
",N,Y,Y
192,What was the last name of the person known as the 'desert fox',Rommel,Rommel},Y,Y,Y
193,What is the last name of the first person to climb Mount Everest?,Hillary,"Hillary}.
",N,Y,Y
194,What is the last name of the British admiral who won the Battle of Trafalgar?,Nelson,Nelson},Y,Y,Y
195,"What is the last name of the French author who wrote ""The Stranger""?",Camus,Camus}.,Y,Y,Y
196,"What is the last name of the man who created the comic strip ""Li'l Abner""?",Capp,Shults}.,N,N,N
197,To which continent is the yam native?,Africa,Africa}.,Y,Y,Y
198,What word means to raise into position by means of a pulley?,Hoist,Hoist},Y,Y,Y
199,What is the old name of Taiwan?,Formosa,Formosa}.,Y,Y,Y
200,What was the creature killed by Theseus which had the body of a man and the head of a bull?,Minotaur,"Minotaur}.
",N,Y,Y
201,In which city is Michelangelo's statue of David located?,Florence,"Florence}.
",N,Y,Y
202,What is the last name of the man who invented dynamite?,Nobel,Nobel}.,Y,Y,Y
203,What is John Kenneth Galbraith's profession?,Economist,"Economist}.
",N,Y,Y
204,Who was the bouncy and egotistical friend of Christopher Robin?,Tigger,Tigger},Y,Y,Y
205,What is a network designed to allow communication within an organization?,An intranet,Intranet},Y,Y,Y
206,What was invented by Wilhelm Rontgen in 1895?,X-ray machine,"X-rays}.
",N,Y,Y
207,Who is the national poet of Scotland?,Robert Burns,Robert Burns},Y,Y,Y
208,What do you call a sharp and sudden pain in the side?,Stitch,"Side stitch}.
",N,Y,Y
209,What is the metric for gemstone quality?,Carat,"The 4Cs: Cut, Color, Clarity, Carat}.
",Y,Y,Y
210,"What was the last name of the composer of the ""Maple Leaf Rag""?",Joplin,Joplin}.,Y,Y,Y
211,What is the long process by which a dead organism turns to stone?,Petrification,Petrification},Y,Y,Y
212,What was the first feature-length motion picture with sound?,The Jazz Singer,"The Jazz Singer}.
",N,Y,Y
213,Which sport has the highest amount of doping?,Cycling,"Cycling}.
",N,Y,Y
214,What is the only nut tree native to North America?,Pecan,Hickory},N,N,N
215,What do you call the purification or purgation of the emotions that is supposed to happen through art?,Catharsis,Catharsis},Y,Y,Y
216,What is the name of the island on which Napoleon was born?,Corsica,"Corsica}.
",N,Y,Y
217,"What is the last name of the man who said, ""I only regret that I have but one life to lose for my country""?",Hale,Nathan Hale},Y,Y,Y
218,What is Jane Goodall famous for studying?,Chimpanzees,"Chimpanzees}.
",N,Y,Y
219,What is the city in which the baseball hall of fame is located?,Cooperstown,"Cooperstown}.
",N,Y,Y
220,What is the last name of the movie actor who portrayed Spartacus?,Douglas,Curd}.,N,N,N
221,Which famous explorer first introduced iced desserts into Europe?,Marco Polo,"Marco Polo}.
",N,Y,Y
222,What is the name of the Mediterranean island south of Turkey that is an independent republic and a member of the Commonwealth?,Cyprus,Cyprus},Y,Y,Y
223,In addition to the Kentucky Derby and the Belmont Stakes what horse race comprises the Triple Crown?,Preakness,Preakness Stakes},Y,Y,Y
224,What is the last name of the author who wrote the James Bond novels?,Fleming,Fleming}.,Y,Y,Y
225,What open-air public theater was home to William Shakespeare's theatrical company?,Globe,The Globe}.,Y,Y,Y
226,What is a Japanese dance drama featuring stylized narrative choreographic movements?,Kabuki,Kabuki},Y,Y,Y
227,"Auguste Rodin's ""The Thinker"" is found in the garden of a museum in which city?",Paris,Paris}.,Y,Y,Y
228,What is Tiger Woods' real first name?,Eldrick,"Eldrick}.
",N,Y,Y
229,"What is the last name of the playwright who wrote ""A Streetcar Named Desire""?",Williams,Williams}.,Y,Y,Y
230,"What is the last name of the judge who was known as ""The Law West of the Pecos?""",Bean,Roy Bean},Y,Y,Y
231,What is the word meaning the promises from God to humans?,Covenant,Covenants},Y,Y,Y
232,What is the last name of the cosmonaut who was the first person to orbit the earth?,Gagarin,Gagarin}.,Y,Y,Y
233,"What word denotes the series of units of weight used to measure gold, in which a pound equals twelve ounces?",Troy,Troy},Y,Y,Y
234,What do youcall a formal exercise by a team of marchers?,Drill,Drill},Y,Y,Y
235,"What do you call stage entertainment consisting of various unrelated acts, such as magicians, acrobats, etc?",Vaudeville,Variety show},Y,N,Y
236,What was the last name of the man who asked you not to squeeze the Charmin in the toilet paper commercial?,Whipple,Schaefer}.,N,N,N
237,What was built to confine the Minotaur and now refers to a maze?,Labyrinth,Labyrinth},Y,Y,Y
238,What was Bugsy Siegel's real first name?,Benjamin,"Benjamin}.
",N,Y,Y
239,Which first lady was the first to live in the White House?,Abigail Adams,Abigail Adams},Y,Y,Y
240,Who was the mythical Roman goddess of love?,Venus,Venus},Y,Y,Y
241,"What word means to voluntarily sacrifice (e.g., cargo) in order to lighten a ship or aircraft's load in time of distress?",Jettison,Jettison},Y,Y,Y
242,"What is the last name of the actor who played the scarecrow in the movie, ""The Wizard of Oz""?",Bolger,Bolger}.,Y,Y,Y
243,What do you call the position of the arms when the hands are on the hips and the elbows are out?,Akimbo,"Hands on hips}.
",N,N,N
244,What is the name of the substance derived from a whale that is used to make perfume?,Ambergris,Ambergris},Y,Y,Y
245,What is the longest river In Asia?,Yangtze,"Yangtze River}.
",N,Y,Y
246,"What was the last name of the female star of the movie ""Casablanca""?",Bergman,Bogart}.,N,N,N
247,"What was the last name of the Captain of the British ship ""Bounty"" when the mutiny occurred?",Bligh, Bligh },Y,Y,Y
248,Halloween traces its origins to which pagan festival?,Samhain,"Samhain}.
",N,Y,Y
249,"Who wrote ""The Rime of the Ancient Mariner""?",Samuel Taylor Coleridge,Samuel Taylor Coleridge},Y,Y,Y
250,What was Fonzie's first name in television's 'Happy Days'?,Arthur,"Arthur}.
",N,Y,Y
251,What do you call a chain of rocks or coral at or near the surface of the water in an ocean?,Reef,Reef},Y,Y,Y
252,What is the name of Germany's largest battleship that was sunk in World War II?,Bismarck,"Bismarck}.
",N,Y,Y
253,What is the last name of the first man to run the mile in under four minutes?,Bannister,Landy}.,N,N,N
254,What album holds the world record for copies sold?,Thriller,Thriller},Y,Y,Y
255,What food is often used as a substitute for ice cream in advertising photo shoots?,Mashed Potato,Whipped cream},N,N,N
256,What was Sinatra's chart-topping duet with his daughter Nancy?,Somethin' Stupid,Something Stupid},Y,Y,Y
257,What philosopher was considered the ugliest man in Athens?,Socrates,"Diogenes}.
",N,N,N
258,"What word means relating to or situated on the back, especially of an animal?",Dorsal,Dorsal},Y,Y,Y
259,"What is the last name of the author who wrote ""The Brothers Karamazov""?",Dostoyevsky,Dostoyevsky}.,Y,Y,Y
260,What is the name of the obnoxious rooster in Warner Brothers cartoons?,Foghorn Leghorn,Foghorn Leghorn},Y,Y,Y
261,Who is the lead singer of Limp Bizkit?,Fred Durst,"Fred Durst}.
",N,Y,Y
262,In 1984 Pres. Ronald Reagan won every state except one. Which one did he lose?,Minnesota,Washington}.,N,N,N
263,What is the name of the man who removed the thorn from the lion's paw in the story from Aesop's fables?,Androcles,"The Lion}.
",N,N,N
264,What is the last name of 1980 Olympic hopeful Randy Gardener's ice skating partner?,Babilonia,Baker},N,N,N
265,What is the name of the formerly independent country north of Lithuania and Latvia that was absorbed into USSR?,Estonia,Estonia},Y,Y,Y
266,Who is the messenger of the gods in Greek mythology?,Hermes,"Hermes}.
",N,Y,Y
267,What is the name of the Chinese religion founded by Lao Tse?,Taoism,Taoism},Y,Y,Y
268,What was the name of Alexander Graham Bell's assistant?,Watson,"Thomas Watson}.
",N,Y,Y
269,What is a poem in which the first letters of each line spell a word?,An acrostic,Acrostic},Y,Y,Y
270,What story is the first to feature Edgar Allan Poe's amateur detective C. Auguste Dupin?,Murders in the Rue Morgue,"The Murders in the Rue Morgue}.
",N,Y,Y
271,Niels Bohr used quantum mechanics to describe which element?,Hydrogen,"Hydrogen}.
",N,Y,Y
272,What is the alternative name for the Sea of Cortez?,Gulf of California,Gulf of California},Y,Y,Y
273,Ailurophobia is the fear of what?,Cats,"Cats}.
",N,Y,Y
274,"What is the last name of the composer who wrote the opera ""Don Giovanni?""",Mozart,Mozart}.,Y,Y,Y
275,"What is the last name of the author of ""Our Town""?",Wilder,Wilder}.,Y,Y,Y
276,"What word means to observe and offer unwanted advice or comment, especially at a card game?",Kibitz,Look in},N,N,N
277,What is the last name of the author of Jonathan Livingston Seagull?,Bach,Richard Bach},Y,Y,Y
278,Who invented flexible photographic film?,George Eastman,"George Eastman}.
",N,Y,Y
279,"Who said ""You'd be surprised how much it costs to look this cheap?""",Dolly Parton,Iris Apfel},N,N,N
280,Which Egyptian god was often represented as a falcon?,Horus,Horus},Y,Y,Y
281,What is U2 singer Bono's real name?,Paul Hewson,"Paul David Hewson}.
",N,Y,Y
282,In which city does the Cotton Bowl take place?,Dallas,Dallas}.,Y,Y,Y
283,What is the capital of Australia?,Canberra,"Canberra}.
",N,Y,Y
284,What do you call a secret agreement or pact (as between lovers)?,Tryst,Tryst},Y,Y,Y
285,"What was the name of the capital of the Aztec empire, which was located where Mexico City is today?",Tenochtitlan,Tenochtitlan}.,Y,Y,Y
286,What do you call a law that gives exclusive right of inheritance to the eldest son?,Primogeniture,"Primogeniture}.
",N,Y,Y
287,Which lawyer and presidential adviser in 1969 became the only Supreme Court justice to resign under threat of impeachment?,Abe Fortas,Warren Burger},N,N,N
288,Who was the first ruler of the Holy Roman Empire?,Charlemagne,"Charlemagne}.
",N,Y,Y
289,"What is the national park in Utah, northeast of Zion, which is famous for the rock formations in its canyon?",Bryce,Bryce Canyon}.,Y,Y,Y
290,What is the last name of the criminal who was killed by FBI agents outside of a Chicago movie theater?,Dillinger,Dillinger}.,Y,Y,Y
291,What is the name of the instrument used to measure wind speed?,Anemometer,"Anemometer}.
",N,Y,Y
292,"What is the last name of the singer who made a hit recording of the song ""Who's Sorry Now?""",Francis,Conroy},N,N,N
293,Who designed Central Park in New York City?,Frederick Law Olmstead,"Frederick Law Olmsted and Calvert Vaux}.
",N,Y,Y
294,The Mayan and Aztec peoples used cocoa beans not only to make a delicious beverage but also as...?,Currency,"Currency}.
",N,Y,Y
295,Which Bronte sister died of tuberculosis in 1848 and was famously buried in a coffin that was a meager 16 inches (41 cm) wide?,Emily,"Emily Brontë}.
",N,Y,Y
296,What breed of dog is known for making a yodeling noise instead of barking?,Basenji,"The Chow Chow}.
",N,N,N
297,What was author George Eliot's real name?,Mary Ann Evans,"Mary Ann Evans}.
",N,Y,Y
298,In what geological period did birds evolve?,Jurassic,"Mesozoic}.
",N,N,N
299,Polo consists of 8 periods called what?,Chukkers,Chukkers},Y,Y,Y
300,With which band was David Johansen the lead singer?,The New York Dolls,The New York Dolls}.,N,Y,Y
301,What does a philomath have a love for?,Learning,Learning},Y,Y,Y
302,What was the title of Dr. Seuss' first book?,And to Think That I Saw It on Mulberry Street,And to Think That I Saw It on Mulberry Street},Y,Y,Y
303,What was the name of George of the Jungle's pet elephant?,Shep,Ape}.,N,N,N
304,What word means the form of something in the form of a spiral or coil?,Helix,Helical},Y,Y,Y
305,What do you call a verb that does not take a direct object?,Intransitive,"Intransitive verb}.
",N,Y,Y
306,What is the last name of the candidate who ran as an independent against Reagan and Carter in 1980?,Anderson,Anderson},Y,Y,Y
307,What is the name of the brightest star in the sky excluding the sun?,Sirius,"Sirius}.
",N,Y,Y
308,What is the last name of the doctor who performed the first successful human heart transplant?,Barnard,Barnard}.,Y,Y,Y
309,What mythical creature did Perseus kill?,Medusa,"Medusa}.
",N,Y,Y
310,Who was the greatest poet of Russia's golden age?,Alexander Pushkin,"Alexander Pushkin}.
",N,Y,Y
311,"Who wrote the ""Threepenny Opera""?",Bertolt Brecht,"Bertolt Brecht}.
",N,Y,Y
312,What was the first product to have a barcode?,Wrigley gum,"Wrigley's chewing gum}.
",N,Y,Y
313,In which Cleveland suburb did actor Paul Newman grow up?,Shaker Heights,Shaker Heights}.,Y,Y,Y
314,"The term ""op-ed"" is a shortened form of which phrase?",Opposite the editorial page,"Opposite the editorial page}.
",N,Y,Y
315,What was the last name of Billy the Kid?,Bonney,Hildalgo},N,N,N
316,"From what musical is the song ""Baubles Bangles And Beads""?",Kismet,"Oliver!}.
",N,N,N
317,What word means lasting only a very brief time?,Ephemeral,Fleeting},N,Y,Y
318,"What is the name of Ulysses Everett McGill's hair pomade of choice in ""O Brother Where Art Thou""?",Dapper Dan,"Miracle Whip}.
",N,N,N
319,What philosopher was imprisoned by the British government in 1918 for campaigning against war and conscription?,Bertrand Russell,Bertrand Russell}.,Y,Y,Y
320,The theme tune for 'Monty Python's Flying Circus' was written by which composer?,John Philip Sousa,John Du Prez},N,N,N
321,What is a chord consisting of three tones of a diatonic scale called?,Triad,Triad},Y,Y,Y
322,What was the name of the U.S. surveillance ship that was attacked by North Vietnam in the Gulf of Tonkin?,USS Maddox,USS Maddox}.,Y,Y,Y
323,What do A. E. Housman's initials stand for?,Alfred Edward,"Alfred Edward}.
",N,Y,Y
324,"In which film did Doris Day sing the Oscar winning song ""Secret Love""?",Calamity Jane,Calamity Jane},Y,Y,Y
325,Which first lady initiated the Easter egg roll on the White House lawn?,Lucy Hayes,"Ellen Arthur}.
",N,N,N
326,"Who is the author of ""Ozymandias""?",Percy Bysshe Shelley,Percy Bysshe Shelley},Y,Y,Y
327,What is LL Cool J.'s real name?,James Todd Smith,"James Todd Smith}.
",N,Y,Y
328,Aldebaran is the brightest star in which constellation?,Taurus,"Taurus}.
",N,Y,Y
329,What do you call a solemn declaration made by a person who conscientiously declines taking an oath?,Affirmation,Affirmation},Y,Y,Y
330,Who assassinated Mohandas Gandhi?,A Hindu nationalist,"Nathuram Godse}.
",N,Y,Y
331,What were the first tennis racket strings made of?,Sheep gut,"Gut}.
",N,Y,Y
332,Myosotis is the latin name for which type of flower?,Forget-Me-Not,Forget-me-not}.,Y,Y,Y
333,What is the world governing body of tennis?,International Tennis Federation,"ITF}.
",N,Y,Y
334,"Who was the lead vocalist for 'The Dakotas' during the 1960s?""",Billy J. Kramer,Suzi Quatro}.,N,N,N
335,Where were the 1952 Olympics held?,Helsinki,Helsinki}.,Y,Y,Y
336,The 1912 Summer Olympics were held in what city?,Stockholm,Stockholm}.,Y,Y,Y
337,"W. Somerset Maugham's 1919 novel ""The Moon and Sixpence"" is based on the life of what artist?",Paul Gauguin,Paul Gauguin}.,Y,Y,Y
338,In which city is the Encyclopedia Britannica published?,Chicago,"Chicago}.
",N,Y,Y
339,Who discovered the law of electrolysis?,Michael Faraday,"Michael Faraday}.
",N,Y,Y
340,"Which French author's novel ""Germinal"" depicts life in a mining community?",Emile Zola,Emile Zola},Y,Y,Y
341,What was the most played song on the radio in the United States during the 20th century?,You've Lost That Lovin' Feelin',"White Christmas}.
",N,N,N
342,What is Australia's highest mountain?,Mount Kosciuszko,"Mount Kosciuszko}.
",N,Y,Y
343,Tony Drago is a snooker professional from which country?,Malta,Malta}.,Y,Y,Y
344,Who was the first person to admit to practicing witchcraft in Salem?,Tituba,"Tituba}.
",N,Y,Y
345,"What is the last name of the artist who painted ""The Persistence of Memory""?",Dali,Dalí}.,Y,Y,Y
346,"What is the last name of the author of ""The Agony and the Ecstasy""?",Stone,Irving},N,N,N
347,What word means to deposit (something valuable) as a security for money borrowed?,Pawn,Pledge},N,N,N
348,Jockey Lester Piggott served 3 years in prison for what crime?,Tax evasion,"Tax evasion}.
",N,Y,Y
349,What is the capital of Guinea-Bissau?,Bissau,Bissau}.,Y,Y,Y
350,"Who patented a burglar proof lock described as ""magic and infallible""?",Linus Yale,"Robert Barron}.
",N,N,N
351,What was the first graphical browser for the World Wide Web?,Mosaic,"WorldWideWeb}.
",N,N,N
352,What is Spike Milligan's real first name?,Terence,"Terence}.
",N,Y,Y
353,"Who was the famous actor who played the Swedish Chef's uncle in an episode of ""The Muppet Show""?",Danny Kaye,Orson Welles}.,N,N,N
354,Who became Archbishop of Canterbury in 1980?,Robert Runcie,"Robert Runcie}.
",N,Y,Y
355,What opera by Giacomo Puccini was left unfinished at his death?,Turandot,Turandot},Y,Y,Y
356,Which Cleveland mayor was the first African American mayor of a major U.S. city?,Carl Stokes,Carl Stokes},Y,Y,Y
357,What is the largest known butterfly?,Queen Alexandra's Birdwing,"Queen Alexandra's Birdwing}.
",N,Y,Y
358,Who ruled Jerusalem from 1099 to 1187 CE?,European Crusaders,"The Crusaders}.
",N,Y,Y
359,Name the title character of a popular rap-themed video game that was originally released on the Sony PlayStation in 1996.,PaRappa the Rapper,Sweet Tooth},N,N,N
360,What was the first rap song to hit number one on the Billboard Hot 100 chart?,Ice Ice Baby,Rapper's Delight}.,N,N,N
361,Which British city was named Deva by the Romans?,Chester,Chester},Y,Y,Y
362,"Who wrote the 1859 novel ""Oblomov"" whose lazy and daydreaming titular character satirizes the contemporary Russian nobility?",Ivan Goncharov,Ivan Goncharov}.,Y,Y,Y
363,The ice-cream cone originates from what American state?),Missouri,"New York}.
",N,N,N
364,What does a brandophile collect?,Cigar bands,"Brands}.
",N,N,N
365,Which baseball player holds the record for most professional hits across all baseball leagues?,Ichiro Suzuki,"Pete Rose}.
",N,N,N
366,Who received the 1951 Nobel prize in physics?,Ernest Walton,"John Bardeen, Walter Brattain, and William Shockley}.
",N,N,N
367,What is the name for Earth on the Little Prince's planet?,Asteroid MU-330,"The Earth}.
",N,?,?
368,What is the name given to the short tail of a rabbit?,Scut,Bobtail},N,N,N
369,What is the last name of the discoverer of the vaccination for smallpox?,Jenner,Jenner},Y,Y,Y
370,"What is the last name of the poet who wrote the line ""Into each life a little rain must fall""?",Longfellow,"Longfellow}.
",N,Y,Y
371,What do you call the weapon used by Indians and gauchos of South America to entangle the legs of cattle and other animals?,Bola, lazo },N,N,N
372,What school did Billy Bunter attend?,Greyfriars,"Greyfriars}.
",N,Y,Y
373,Who is the patron saint of Armenia?,St. Gregory,"Saint Gregory the Illuminator}.
",N,Y,Y
374,What is the name for a curry made of spinach and cheese?,Palak Paneer,Saag paneer},N,N,N
375,Who was Australia's first prime minister?,Edmund Barton,Edmund Barton},Y,Y,Y
376,What is caterpillar waste called?,Frass,Frass},Y,Y,Y
377,What is the basic unit of currency for Myanmar?,Kyat,"Kyat}.
",N,Y,Y
378,What Latin American author wrote in green ink?,Pablo Neruda,Julio Cortázar},N,N,N
379,Who is the Hindu god associated with rain?,Indra,Indra},Y,Y,Y
380,Gwendolyn Brooks won a Pulitzer in 1950 for which book of poems?,Annie Allen,Annie Allen},Y,Y,Y
381,Who invented the aerosol spray can?,Erik Rotheim,"Erik Rotheim}.
",N,Y,Y
382,"Who is the only one of Milton's contemporaries to be mentioned by name in""Paradise Lost""?",Galileo,John Milton},N,N,N
383,What type of Cubism incorporated pieces of newspaper?,Synthetic Cubism,"Collage}.
",N,?,Y
384,"Who sang ""Amityville House On The Hill""?",Lovebug Starski,The Misfits}.,N,N,N
385,Which German duo have sold over 85 million records?,Modern Talking,Modern Talking},Y,Y,Y
386,In which British national daily newspaper does Rupert The Bear appear?,The Daily Express,"The Daily Express}.
",N,Y,Y
387,What is the tallest mountain in Iran?,Mount Damavand,"Mount Damavand}.
",N,Y,Y
388,What was the name of William Wordsworth's sister?,Dorothy,"Dorothy}.
",N,Y,Y
389,Which team won the first World Series in 1903?,Boston Americans,"Boston Americans}.
",N,Y,Y
390,What television talent show did Mary Hopkin win?,Opportunity Knocks,"Opportunity Knocks}.
",N,Y,Y
391,What is the name of the woman Romeo is infatuated with before he meets Juliet?,Rosaline,Rosaline}.,Y,Y,Y
392,Which Suffolk town was the birthplace of Benjamin Britten?,Lowestoft,Lowestoft}.,Y,Y,Y
393,What liqueur goes into making a 'Snowball' cocktail?,Advocaat,Advocaat},Y,Y,Y
394,Alan McGee signed Oasis to which label in 1993?,Creation,"Creation Records}.
",N,Y,Y
395,What is the last name of the twenty-first U.S. President?,Arthur,Chester},N,N,N
396,What is the last name of the man who supposedly killed Jesse James?,Ford,Ford}.,Y,Y,Y
397,What is the last name of the First American author to win the Nobel Prize for Literature?,Lewis,Hemingway}.,N,N,N
398,What was the name of the nuclear submarine that sunk in the Atlantic in 1963?,Thresher,Thresher}.,Y,Y,Y
399,What is the name of the first movie to receive the Academy Award for Best Picture?,Wings,Wings}.,Y,Y,Y
400,What is the name of a number two wood in golf?,Brassie,Fairway wood},N,N,N
401,What is the first-person plural pronoun in Hindi?,Hum,हम},N,Y,Y
402,"Who dubbed Australia ""the lucky country""?",Donald Horne,"Donald Horne}.
",N,Y,Y
403,Which Pulitzer Prize winner has won more than twice?,Robert Frost,Walter Lippmann},N,N,N
404,"What was the first newspaper to utilize advertisements for revenue and the ""penny paper"" format?",The Sun,"The Daily Mail}.
",N,N,N
405,What is the capital of Burundi?,Bujumbura,"Gitega}.
",N,N,N
406,Which country won the first women's Olympic handball gold medal in 1976?,The Soviet Union,Soviet Union}.,Y,Y,Y
407,A sufferer from Boanthropy believes he is what?,An ox,"A bull}.
",N,Y,Y
408,Which animal has the widest hearing range?,Dolphin,"Bats}.
",N,N,N
409,What is the name of a dried legume?,Pulse,Bean},N,N,N
410,"What was the name of Grotbags' pet in the TV show ""Emu's World""?",Croc,Wilfred}.,N,N,N
411,"Who replaced Betty Boothroyd as ""Speaker of the House of Commons""?",Michael Martin,"Michael Martin}.
",N,Y,Y
412,Which mountain range runs along the south shore of the Caspian Sea?,Elburz,Elburz Mountains},Y,Y,Y
413,What is the meaning of the name Himalaya in Sanskrit?,Abode of snow,"Abode of snow}.
",N,Y,Y
414,What was the first Arcade game ever released?,Computer Space,"Computer Space}.
",N,Y,Y
415,Which branch of physics is particularly useful in designing bridges?,Statics,"Structural physics}.
",N,N,N
416,Who invented the Christmas Cracker?,Tom Smith,"Tom Smith}.
",N,Y,Y
417,What was raced in the first competitive event at the Indianapolis Motor Speedway?,Balloons,"A 500-mile automobile race}.
",N,N,N
418,What do you call the accumulation of earth and stones carried and finally deposited by a glacier?,Moraine,Moraine},Y,Y,Y
419,What is the name of the baseball player with the highest lifetime batting average in the major leagues?,Cobb,Ty Cobb},N,Y,Y
420,"What is the last name of the man who wrote the poem ""It Couldn't Be Done""?",Guest,Edgar},N,N,N
