,Question,Correct_Answer_Text,fr_model_answer,fr_correct?
0,Which band was Paul McCartney a member of?,The Beatles,The Beatles},
1,What is the short pleated skirt worn by Scottish men?,Kilt,kilt},
2,"What is the hard, white material sourced from elephant tusks?",Ivory,ivory},
3,What word means to trade by exchanging goods for other goods rather than money?,Barter,barter},
4,What is an airplane without an engine called?,Glider,glider},
5,What is the term for the first aid instrument which stops the flow of blood in an artery preventing it from being lost through a wound?,Tourniquet,tourniquet},
6,What is the name of the nylon fabric which has two pieces which stick to each other and is used as a fastener?,Velcro,Velcro},
7,What is the last name of the person who sang 'I did it my way'?,Sinatra,Sinatra},
8,What is the name of the song traditionally sung at the stroke of midnight on New Year's Eve?,Auld Lang Syne,Auld Lang Syne},
9,What is the last name of the boxer who later become known as Mohammed Ali?,Clay,Cassius Clay},
10,What is the traditional daytime sleep in Spain?,Siesta,siesta},
11,"In what park is ""Old Faithful"" located?",Yellowstone,Yellowstone National Park},
12,What is the name of the art of Japanese paper folding?,Origami,origami},
13,Who was England's prime minister during World War II?,Churchill,Winston Churchill},
14,"What is the word ""memo"" short for?",Memorandum,memorandum},
15,What is the colored portion of the eye?,Iris,iris},
16,What is the name of the shell from which people hear the sea?,Conch,lithosphere},
17,"What do you call the vessel, usually an ornamental vase on a pedestal, which is used to preserve the ashes of the dead?",Urn,urn},
18,What do you call an instrument for performing calculations by sliding beads along rods or grooves?,Abacus,abacus},
19,What device blows air on to a fire to make it hotter?,Bellows,blower},
20,"What is the proper name for a ""tidal wave""?",Tsunami,tsunami},
21,What is a goat's offspring called?,Kid,kid},
22,What optical instrument allows crews of submerged submarines to look at surface ships?,Periscope,periscope},
23,What is the term for nautical mile per hour?,Knot,knots},
24,What is the name of the loch (lake) in Scotland that is supposedly home of a legendary monster?,Ness,Loch Ness},
25,What is the name of the Egyptian plant that is cut into strips and pressed into a material to write on?,Papyrus,papyrus},
26,Which video game character is a plumber?,Super Mario,Mario},
27,"What is the craft of tying knots to make belts, bags, and plant hangers?",Macrame,macramé},
28,What is the last name of the doctor who first developed a vaccine against polio?,Salk,Salk},
29,What is the name of the hillbilly family who had the famous feud with the McCoys?,Hatfield,Hatfield},
30,What is the name of the man who created the comic strip 'Peanuts'?,Shultz,Charles Schulz},
31,In mammals the period of time between fertilization of the egg and the birth of the young is known by what scientific term?,Gestation,gestation},
32,Which was the 49th state to join the Union?,Alaska,Alaska},
33,What is the term frequently applied to Christ's doctrine of doing to others as we would wish them to do unto us?,Golden Rule,Golden Rule},
34,What was the name given to the geographic line in the United States which was the separation of slavery and freedom?,Mason-Dixon Line,Mason-Dixon Line},
35,Of which country is Budapest the capital?,Hungary,Hungary},
36,What do you call a question that is asked for effect with no answer expected?,Rhetorical,rhetorical question},
37,What word means to formally renounce a throne?,Abdicate,abdicate},
38,Which president suffered from polio?,Roosevelt,Franklin D. Roosevelt},
39,"What do you call a savory sauce in which meat, fish, or a vegetable is soaked before cooking to enhance the flavor?",Marinade,marinade},
40,What is the term for someone who doubts but does not deny the existence of God?,Agnostic,Atheist},
41,What was the name of the body of water where Thoreau studied for two years?,Walden Pond,Walden Pond},
42,Where was the Declaration of Independence signed?,Philadelphia,Philadelphia},
43,"What word means to shed hair, feathers, or an outer layer periodically, as with the changing seasons?",Molt,molt},
44,"What is the musical term that means ""without instrumental accompaniment""?",A capella,a cappella},
45,What do we call the bone which composes the lower jaw?,Mandible,mandible},
46,What is the last name of the first female pilot to cross the Atlantic?,Earhart,Bessie Coleman},
47,What nickname was given to Northerners who went south after the Civil War and took advantage of Southern poverty?,Carpetbaggers,Carpetbaggers},
48,What was the last name of the author who wrote the fable about the fox who assumed the grapes he couldn't reach were sour anyway?,Aesop,Aesop},
49,What are the wooden clappers called that Spanish dancers hold in their hands?,Castanets,castanets},
50,What was the name of the vehicle used to carry and cook food on cattle drives?,Chuckwagon, chuck wagon },
51,What are people who make maps called?,Cartographers,cartographers},
52,What is the unit that marks sound intensity?,Decibel,decibel},
53,What is the front section of a boat?,Bow,bow},
54,Humans are classified as what species?,Sapiens,Homo sapiens},
55,What is the name of the palace in London in which the Monarch of England resides?,Buckingham,Buckingham Palace},
56,What is the resort city on the French Riviera between Nice and St. Tropez where a famous film festival is held?,Cannes,Cannes},
57,"What do you call a feeling of resentment, often at some fancied slight or insult? (usually follows the verb ""take"")",Umbrage,offence},
58,What is the name of a mixture of dried spices and flowers used for perfuming a room?,Potpourri,incense},
59,What is the order of lower mammals including kangaroos and opossums which carry their young in an abdominal pouch?,Marsupialia,marsupials},
60,Who is the artist that painted everyday objects such as soup cans?,Warhol,Andy Warhol},
61,What do you call a plant material such as straw used as a roofing material for a house?,Thatch,thatch},
62,"What is the name of the unrhymed verse form of Japanese origin having three lines containing usually 5, 7, and 5 syllables?",Haiku,haiku},
63,What is the capital of Thailand?,Bangkok,Bangkok},
64,"Who is the oldest sister in ""The Brady Bunch""?",Marcia,Marcia},
65,What word means to divide an area into electoral district in order to give special advantage to one political party?,Gerrymander,gerrymander},
66,What is the fin on the back of a fish called?,Dorsal,dorsal fin},
67,What mammal has armor-like bony plates as its most distinguishing feature?,Armadillo,armadillo},
68,What did the Seven Dwarves do for a living?,Mining,mined},
69,What river separates Washington D.C. from Virginia?,Potomac,Potomac},
70,What do you call a member of a volunteer group organized to suppress and punish crime (as when legal processes seem inadequate)?,Vigilante,vigilante},
71,What instrument is used to measure earthquakes?,Seismograph,seismograph},
72,What was the land where Puff the Magic Dragon lives?,Honalee,Hobbiton},
73,What sailor's disease resulted from a deficiency in vitamin C?,Scurvy,scurvy},
74,What is the technical term for the phenomenon commonly known as the Northern Lights?,Aurora Borealis,aurora borealis},
75,What type of paper is commonly used as an acid-base indicator in chemistry classes?,Litmus,litmus paper},
76,What is the name of the short sword fastened to the end of a musket or rifle?,Bayonet,Bayonet},
77,Where is the Amazon rainforest located?,Brazil,South America},
78,What device is used to measure levels of radioactivity?,Geiger Counter,Geiger counter},
79,Who was the magician and prophet from King Arthur's era?,Merlin,Merlin},
80,What was the name of the disorder depicted by Dustin Hoffman's character in the movie 'Rainman' otherwise known as Idiot Savantism?,Autism,Autism},
81,What does VoIP stand for?,Voice over Internet Protocol,Voice over Internet Protocol},
82,Who defeated Pres. Harry Truman in the 1948 election according to an infamous Chicago Tribune headline?,Thomas Dewey,Dewey},
83,What is the name of the migratory grasshopper that travels in vast swarms and strips areas passed of all vegetation?,Locust,locust},
84,What city is the capital of Iceland?,Reykjavik,Reykjavik},
85,Who was the first female Supreme Court justice?,O'Connor,Sandra Day O'Connor},
86,Who was the composer who worked with deafness?,Beethoven,Beethoven},
87,What is the last name of the man who assassinated Robert Kennedy?,Sirhan,Sirhan Sirhan},
88,What is a community of ants called?,Colony,colony},
89,What is the last name of the actor who played Perry Mason on TV?,Burr,Raymond Burr},
90,What do you call a stone building (often found in cemetery) with places for entombment of the dead above ground?,Mausoleum,mausoleum},
91,"What is the former name of Istanbul, which was used when the city was occupied by Christians?",Constantinople,Constantinople},
92,"What was the last name of Lucille Ball's first husband, who starred with her on ""I Love Lucy""?",Arnaz,Desi Arnaz},
93,What is the name of the three leaf clover which is the emblem of Ireland?,Shamrock,Shamrock},
94,What was the name of the infamous American traitor in the Revolutionary War?,Arnold,Benedict Arnold},
95,What is a group of geese called?,Gaggle,gaggle},
96,What is a young female horse called?,Filly,filly},
97,What is the name of the disease of the liver caused by abnormally high levels of bile in the blood that gives the skin a yellow color?,Jaundice,jaundice},
98,What is the last name of the man who began the Reformation in Germany?,Luther,Luther},
99,What is the name of the islands off the coast of Ecuador that Darwin visited to study unique species of birds and animals?,Galapagos,Galapagos},
100,"What is the word that means to cause to explode or to set off, for example: a bomb?",Detonate,detonate},
101,What is the orbiting particle of an atom?,Electron,electron},
102,What was the last name of the female mouseketeer who later appeared in commercials for peanut butter?,Funicello,Annette Funicello},
103,What is the famous prehistoric structure situated on Salisbury Plain England?,Stonehenge,Stonehenge},
104,What seasonal South Asian wind is characterized by heavy rains?,Monsoon,monsoon},
105,What is the name of the legendary race of female warriors?,Amazons,Amazons},
106,What is the wand called which is held in the hand as a symbol of regal or imperial power?,Scepter,Sceptre},
107,What was the name of the medieval code of honor practiced by knights that among other things elevated the position of women?,Chivalry,chivalry},
108,"Who said the phrase, ""To be or not to be""?",Hamlet,Hamlet},
109,What is a group of lines in a poem called?,Stanza,stanza},
110,Over which river is the George Washington Bridge?,Hudson,Hudson},
111,"What is the last name of the actor who received the Best Actor award for the movie ""On The Waterfront""?",Brando,Brando},
112,What was the location of George Washington's encampment where his men suffered every conceivable hardship from 1777-1778?,Valley Forge,Valley Forge},
113,What was the last name of the nearly blind impressionist artist who painted a series of mural-sized pictures of water lilies near the end of his life?,Monet,Monet},
114,What dwarf kills himself when a young bride guesses his highly unusual name?,Rumpelstiltskin,Rumpelstiltskin},
115,What word means to bleed heavily or uncontrollably?,Hemorrhage,hemorrhage},
116,What is the name of the strait between Alaska and Siberia?,Bering,Bering Strait},
117,What is the last name of the current mayor of New York City?,De Blasio,de Blasio},
118,What beetle was held sacred by ancient Egyptians?,Scarab,scarab},
119,What river in Hades does Charon ferry dead souls across?,Styx,Acheron},
120,Who shot an apple off of his son's head in the 14th century?,William Tell,Johannes Gutenberg},
121,What is the last name of the author of Little Women?,Alcott,Alcott},
122,What is last name of the woman who wrote Gone With the Wind?,Mitchell,Mitchell},
123,What is the last name of the author of 'The Hobbit'?,Tolkien,Tolkien},
124,What did the Wright Brothers do before inventing an aircraft?,Built bicycles,they were bicycle mechanics},
125,"What is the last name of the actress who played Gloria on TV's ""All in the Family""?",Struthers,Sally Struthers},
126,"What is the last name of the actor who starred in both the Broadway production and the film, ""A Streetcar Named Desire""?",Brando,Brando},
127,"What is the last name of the Romanian gymnast who scored 7 perfect ""10's"" and won 3 gold medals in the 1976 Olympics?",Comaneci,Nadia Comaneci},
128,"What do you call a habitual spasmodic motion or twitching of particular muscles, especially in the face?",Tic,tremor},
129,What is the river that flows north from Switzerland to Holland and forms the border between Germany and France?,Rhine,Rhine},
130,What was the harp-like instrument used in ancient Greece to accompany singing and recitation?,Lyre,lyre},
131,"What was the name of the zeppelin, blimp, that exploded in Lake Hurst, New Jersey in 1937?",Hindenburg,Hindenburg},
132,What is a male witch called?,Warlock,warlock},
133,What is the first name of the school teacher who was chased by the headless horseman in 'The Legend of Sleepy Hollow'?,Ichabod,Ichabod Crane},
134,What is the last name of the author of 'Uncle Tom's Cabin'?,Stowe,Stowe},
135,What was the last name of Scrooge's dead partner in Dickens' 'A Christmas Carol?',Marley,Marley},
136,What is the term for when three musical notes are played together?,Chord,harmony},
137,What do you call the three periods(...) used to indicate an omission or a pause?,Ellipsis,ellipsis},
138,What word would means having a healthy reddish color?,Ruddy,rubicund},
139,What is the last name of the author who wrote the Sherlock Holmes stories?,Doyle,Doyle},
140,What game was Deep Blue skilled at?,Chess,chess},
141,"Who was Time Magazine's 1938 ""Man of the Year""?",Adolph Hitler,Adolf Hitler},
142,Who was the fictional character who married his mother and blinded himself?,Oedipus,Oedipus},
143,What was the name of the German Secret State Police?,Gestapo,Gestapo},
144,What peace treaty ended World War I?,Versailles,Treaty of Versailles},
145,"Which bone does the colloquial term ""jawbone"" refer to?",Mandible,mandible},
146,Which Aerosmith song was re-made by Run D.M.C.?,Walk this Way,Walk This Way},
147,What is the name for the legendary Egyptian sculpture which asked people a famous riddle?,Sphinx,The Sphinx},
148,What is the capital of Finland?,Helsinki,Helsinki},
149,What is the capital of Canada?,Ottawa,Ottawa},
150,What is the last name of the inventor of the wireless radio?,Marconi,Marconi},
151,What is the largest city and capital of Kenya?,Nairobi,Nairobi},
152,Who was the most famous Greek doctor?,Hippocrates,Hippocrates},
153,What is the last name of the husband-wife spies who were electrocuted in 1951 for passing atomic secrets to Russia?,Rosenberg,Rosenberg},
154,What is the gas that forms dry ice when frozen?,Carbon dioxide,CO2},
155,What was the last name of the explorer who tramped through what is now Florida looking for the fountain of youth?,Ponce De Leon,Ponce de Leon},
156,What is the last name of the author of 'Call of the Wild'?,London,London},
157,What kind of poison did Socrates take as his execution?,Hemlock,hemlock},
158,What is the last name of the woman who founded the American Red Cross?,Barton,Clara Barton},
159,Who was the person who visited the Lilliputians?,Gulliver,Gulliver},
160,Who was Robin Hood's greatest enemy?,Sheriff of Nottingham,The Sheriff of Nottingham},
161,What is the navigation instrument used at sea to plot positioning by the stars?,Sextant,astrolabe},
162,"What do you call a word or sentence that reads the same backward or forward, such as ""Madam, I'm Adam""?",Palindrome,palindrome},
163,Which body of water separates Central and South America?,Panama Canal,Panama Canal},
164,What word means to cut or chop (food) into very small pieces?,Mince,mince},
165,What was the capital of Czechoslovakia?,Prague,Prague},
166,What is the mixture of two or more metallic elements?,Alloy,alloy},
167,What do you call the leather band formerly used for sharpening an old-fashioned razor?,Strop,strop},
168,What is the colloquial term for patella?,Kneecap,knee cap},
169,What is the name of the hardwood of an (Asian) Indian timber tree often used for furniture?,Teak,teak},
170,Who was Elton John's chief lyricist?,Bernie Taupin,Bernie Taupin},
171,"Which serial killer called himself ""Son of Sam""?",David Berkowitz,David Berkowitz},
172,"Who is known as ""The Father of Geometry""?",Euclid,Euclid},
173,What was the name of the Union ironclad ship that fought the Confederate ironclad Merrimack?,Monitor,Monitor},
174,In 'Romeo and Juliet' who were the Montagues feuding with?,Capulets,the Capulets},
175,"What is the last name of the actor who starred in ""Hart to Hart"" and ""Switch"" on TV and also in many movies?",Wagner,Robert Wagner},
176,What do you call a person who collects and studies stamps?,Philatelist,philatelist},
177,What is the name of the river that runs through Rome?,Tiber,Tiber},
178,What is the name of the mountain range that separates Asia from Europe?,Ural,Ural Mountains},
179,What was the 2001 event that led to the bankruptcy of a U.S. energy company and resulted in the dissolution of Arthur Anderson?,The Enron Scandal,Enron},
180,"Whose autobiography is titled ""Lady Sings the Blues""?",Billie Holiday,Billie Holiday},
181,What is the name of the Viking who discovered Greenland?,Erik the Red,Leif Eriksson},
182,What was Bob Dylan's birth name?,Robert Zimmerman,Robert Zimmerman},
183,Where was the 1939 World's Fair held?,New York City,New York City},
184,What did the irascible Ted Williams do in the final at bat of his 19-year major-league career?,Hit a home run,hit a home run},
185,On top of which mountain was Moses given the Ten Commandments?,Sinai,Mount Sinai},
186,What is the last name of the Cuban leader that Castro overthrew?,Batista,Batista},
187,What is the name of the fountain in Rome into which coins are thrown for good luck?,Trevi,Fontana di Trevi},
188,What was the English settlement that vanished in the late 1580s?,Roanoke,Roanoke},
189,What do you call a moderately fast gait of a horse in which the legs move in diagonal pairs?,Trot,trot},
190,What is the term given to pure spiritual love which is devoid of carnal desires between members of opposite sexes?,Platonic,Platonic love},
191,What was the disease known as the 'Black Plague'?,Bubonic,bubonic plague},
192,What was the last name of the person known as the 'desert fox',Rommel,Rommel},
193,What is the last name of the first person to climb Mount Everest?,Hillary,Edmund Hillary},
194,What is the last name of the British admiral who won the Battle of Trafalgar?,Nelson,Nelson},
195,"What is the last name of the French author who wrote ""The Stranger""?",Camus,Camus},
196,"What is the last name of the man who created the comic strip ""Li'l Abner""?",Capp,Al Capp},
197,To which continent is the yam native?,Africa,Africa},
198,What word means to raise into position by means of a pulley?,Hoist,hoist},
199,What is the old name of Taiwan?,Formosa,Formosa},
200,What was the creature killed by Theseus which had the body of a man and the head of a bull?,Minotaur,Minotaur},
201,In which city is Michelangelo's statue of David located?,Florence,Florence},
202,What is the last name of the man who invented dynamite?,Nobel,Nobel},
203,What is John Kenneth Galbraith's profession?,Economist,economist},
204,Who was the bouncy and egotistical friend of Christopher Robin?,Tigger,Pooh},
205,What is a network designed to allow communication within an organization?,An intranet,Intranet},
206,What was invented by Wilhelm Rontgen in 1895?,X-ray machine,X-rays},
207,Who is the national poet of Scotland?,Robert Burns,Robert Burns},
208,What do you call a sharp and sudden pain in the side?,Stitch,cramp},
209,What is the metric for gemstone quality?,Carat,carat},
210,"What was the last name of the composer of the ""Maple Leaf Rag""?",Joplin,Scott Joplin},
211,What is the long process by which a dead organism turns to stone?,Petrification,petrification},
212,What was the first feature-length motion picture with sound?,The Jazz Singer,The Jazz Singer},
213,Which sport has the highest amount of doping?,Cycling,cycling},
214,What is the only nut tree native to North America?,Pecan,hickory},
215,What do you call the purification or purgation of the emotions that is supposed to happen through art?,Catharsis,catharsis},
216,What is the name of the island on which Napoleon was born?,Corsica,Corsica},
217,"What is the last name of the man who said, ""I only regret that I have but one life to lose for my country""?",Hale,Paul Revere},
218,What is Jane Goodall famous for studying?,Chimpanzees,chimpanzees},
219,What is the city in which the baseball hall of fame is located?,Cooperstown,Cooperstown},
220,What is the last name of the movie actor who portrayed Spartacus?,Douglas,Kirk Douglas},
221,Which famous explorer first introduced iced desserts into Europe?,Marco Polo,Marco Polo},
222,What is the name of the Mediterranean island south of Turkey that is an independent republic and a member of the Commonwealth?,Cyprus,Cyprus},
223,In addition to the Kentucky Derby and the Belmont Stakes what horse race comprises the Triple Crown?,Preakness,Preakness Stakes},
224,What is the last name of the author who wrote the James Bond novels?,Fleming,Fleming},
225,What open-air public theater was home to William Shakespeare's theatrical company?,Globe,The Globe},
226,What is a Japanese dance drama featuring stylized narrative choreographic movements?,Kabuki,Kabuki},
227,"Auguste Rodin's ""The Thinker"" is found in the garden of a museum in which city?",Paris,Paris},
228,What is Tiger Woods' real first name?,Eldrick,Eldrick},
229,"What is the last name of the playwright who wrote ""A Streetcar Named Desire""?",Williams,Tennessee Williams},
230,"What is the last name of the judge who was known as ""The Law West of the Pecos?""",Bean,Parker},
231,What is the word meaning the promises from God to humans?,Covenant,covenant},
232,What is the last name of the cosmonaut who was the first person to orbit the earth?,Gagarin,Gagarin},
233,"What word denotes the series of units of weight used to measure gold, in which a pound equals twelve ounces?",Troy,troy},
234,What do youcall a formal exercise by a team of marchers?,Drill,drill},
235,"What do you call stage entertainment consisting of various unrelated acts, such as magicians, acrobats, etc?",Vaudeville,variety show},
236,What was the last name of the man who asked you not to squeeze the Charmin in the toilet paper commercial?,Whipple,Mr. Whipple},
237,What was built to confine the Minotaur and now refers to a maze?,Labyrinth,labyrinth},
238,What was Bugsy Siegel's real first name?,Benjamin,Benjamin},
239,Which first lady was the first to live in the White House?,Abigail Adams,Martha Washington},
240,Who was the mythical Roman goddess of love?,Venus,Venus},
241,"What word means to voluntarily sacrifice (e.g., cargo) in order to lighten a ship or aircraft's load in time of distress?",Jettison,jettison},
242,"What is the last name of the actor who played the scarecrow in the movie, ""The Wizard of Oz""?",Bolger,Buckley},
243,What do you call the position of the arms when the hands are on the hips and the elbows are out?,Akimbo,squared},
244,What is the name of the substance derived from a whale that is used to make perfume?,Ambergris,ambergris},
245,What is the longest river In Asia?,Yangtze,Yangtze},
246,"What was the last name of the female star of the movie ""Casablanca""?",Bergman,Ingrid Bergman},
247,"What was the last name of the Captain of the British ship ""Bounty"" when the mutiny occurred?",Bligh,Bligh},
248,Halloween traces its origins to which pagan festival?,Samhain,Samhain},
249,"Who wrote ""The Rime of the Ancient Mariner""?",Samuel Taylor Coleridge,Samuel Taylor Coleridge},
250,What was Fonzie's first name in television's 'Happy Days'?,Arthur,Arthur},
251,What do you call a chain of rocks or coral at or near the surface of the water in an ocean?,Reef,reef},
252,What is the name of Germany's largest battleship that was sunk in World War II?,Bismarck,Bismarck},
253,What is the last name of the first man to run the mile in under four minutes?,Bannister,Roger Bannister},
254,What album holds the world record for copies sold?,Thriller,Thriller},
255,What food is often used as a substitute for ice cream in advertising photo shoots?,Mashed Potato,avocado},
256,What was Sinatra's chart-topping duet with his daughter Nancy?,Somethin' Stupid,Somethin' Stupid},
257,What philosopher was considered the ugliest man in Athens?,Socrates,Socrates},
258,"What word means relating to or situated on the back, especially of an animal?",Dorsal,dorsal},
259,"What is the last name of the author who wrote ""The Brothers Karamazov""?",Dostoyevsky,Dostoevsky},
260,What is the name of the obnoxious rooster in Warner Brothers cartoons?,Foghorn Leghorn,Barnyard Dawg},
261,Who is the lead singer of Limp Bizkit?,Fred Durst,Fred Durst},
262,In 1984 Pres. Ronald Reagan won every state except one. Which one did he lose?,Minnesota,Minnesota},
263,What is the name of the man who removed the thorn from the lion's paw in the story from Aesop's fables?,Androcles,Androcles},
264,What is the last name of 1980 Olympic hopeful Randy Gardener's ice skating partner?,Babilonia,Debi Thomas},
265,What is the name of the formerly independent country north of Lithuania and Latvia that was absorbed into USSR?,Estonia,Estonia},
266,Who is the messenger of the gods in Greek mythology?,Hermes,Hermes},
267,What is the name of the Chinese religion founded by Lao Tse?,Taoism,Taoism},
268,What was the name of Alexander Graham Bell's assistant?,Watson,Thomas Watson},
269,What is a poem in which the first letters of each line spell a word?,An acrostic,acrostic},
270,What story is the first to feature Edgar Allan Poe's amateur detective C. Auguste Dupin?,Murders in the Rue Morgue,The Murders in the Rue Morgue},
271,Niels Bohr used quantum mechanics to describe which element?,Hydrogen,hydrogen},
272,What is the alternative name for the Sea of Cortez?,Gulf of California,Gulf of California},
273,Ailurophobia is the fear of what?,Cats,cats},
274,"What is the last name of the composer who wrote the opera ""Don Giovanni?""",Mozart,Mozart},
275,"What is the last name of the author of ""Our Town""?",Wilder,Wilder},
276,"What word means to observe and offer unwanted advice or comment, especially at a card game?",Kibitz,chatter},
277,What is the last name of the author of Jonathan Livingston Seagull?,Bach,Richard Bach},
278,Who invented flexible photographic film?,George Eastman,George Eastman},
279,"Who said ""You'd be surprised how much it costs to look this cheap?""",Dolly Parton,Marilyn Monroe},
280,Which Egyptian god was often represented as a falcon?,Horus,Horus},
281,What is U2 singer Bono's real name?,Paul Hewson,Paul David Hewson},
282,In which city does the Cotton Bowl take place?,Dallas,Dallas},
283,What is the capital of Australia?,Canberra,Canberra},
284,What do you call a secret agreement or pact (as between lovers)?,Tryst,understanding},
285,"What was the name of the capital of the Aztec empire, which was located where Mexico City is today?",Tenochtitlan,Tenochtitlan},
286,What do you call a law that gives exclusive right of inheritance to the eldest son?,Primogeniture,primogeniture},
287,Which lawyer and presidential adviser in 1969 became the only Supreme Court justice to resign under threat of impeachment?,Abe Fortas,William O. Douglas},
288,Who was the first ruler of the Holy Roman Empire?,Charlemagne,Charlemagne},
289,"What is the national park in Utah, northeast of Zion, which is famous for the rock formations in its canyon?",Bryce,Bryce Canyon},
290,What is the last name of the criminal who was killed by FBI agents outside of a Chicago movie theater?,Dillinger,Dillinger},
291,What is the name of the instrument used to measure wind speed?,Anemometer,anemometer},
292,"What is the last name of the singer who made a hit recording of the song ""Who's Sorry Now?""",Francis,Bennett},
293,Who designed Central Park in New York City?,Frederick Law Olmstead,Frederick Law Olmsted},
294,The Mayan and Aztec peoples used cocoa beans not only to make a delicious beverage but also as...?,Currency,currency},
295,Which Bronte sister died of tuberculosis in 1848 and was famously buried in a coffin that was a meager 16 inches (41 cm) wide?,Emily,Anne Bronte},
296,What breed of dog is known for making a yodeling noise instead of barking?,Basenji,St. Bernard},
297,What was author George Eliot's real name?,Mary Ann Evans,Mary Ann Evans},
298,In what geological period did birds evolve?,Jurassic,Cretaceous},
299,Polo consists of 8 periods called what?,Chukkers,chukkas},
300,With which band was David Johansen the lead singer?,The New York Dolls,New York Dolls},
301,What does a philomath have a love for?,Learning,learning},
302,What was the title of Dr. Seuss' first book?,And to Think That I Saw It on Mulberry Street,And to Think That I Saw It on Mulberry Street},
303,What was the name of George of the Jungle's pet elephant?,Shep,Shep},
304,What word means the form of something in the form of a spiral or coil?,Helix,helix},
305,What do you call a verb that does not take a direct object?,Intransitive,intransitive},
306,What is the last name of the candidate who ran as an independent against Reagan and Carter in 1980?,Anderson,Anderson},
307,What is the name of the brightest star in the sky excluding the sun?,Sirius,Sirius},
308,What is the last name of the doctor who performed the first successful human heart transplant?,Barnard,Christiaan Barnard},
309,What mythical creature did Perseus kill?,Medusa,Medusa},
310,Who was the greatest poet of Russia's golden age?,Alexander Pushkin,Pushkin},
311,"Who wrote the ""Threepenny Opera""?",Bertolt Brecht,Bertolt Brecht},
312,What was the first product to have a barcode?,Wrigley gum,Wrigley's gum},
313,In which Cleveland suburb did actor Paul Newman grow up?,Shaker Heights,Shaker Heights},
314,"The term ""op-ed"" is a shortened form of which phrase?",Opposite the editorial page,opposite the editorial page},
315,What was the last name of Billy the Kid?,Bonney,Bonney},
316,"From what musical is the song ""Baubles Bangles And Beads""?",Kismet,Kismet},
317,What word means lasting only a very brief time?,Ephemeral,ephemeral},
318,"What is the name of Ulysses Everett McGill's hair pomade of choice in ""O Brother Where Art Thou""?",Dapper Dan,Dapper Dan},
319,What philosopher was imprisoned by the British government in 1918 for campaigning against war and conscription?,Bertrand Russell,Bertrand Russell},
320,The theme tune for 'Monty Python's Flying Circus' was written by which composer?,John Philip Sousa,Micheal Palin},
321,What is a chord consisting of three tones of a diatonic scale called?,Triad,triad},
322,What was the name of the U.S. surveillance ship that was attacked by North Vietnam in the Gulf of Tonkin?,USS Maddox,USS Maddox},
323,What do A. E. Housman's initials stand for?,Alfred Edward,Alfred Edward},
324,"In which film did Doris Day sing the Oscar winning song ""Secret Love""?",Calamity Jane,Calamity Jane},
325,Which first lady initiated the Easter egg roll on the White House lawn?,Lucy Hayes,Helen Taft},
326,"Who is the author of ""Ozymandias""?",Percy Bysshe Shelley,Percy Bysshe Shelley},
327,What is LL Cool J.'s real name?,James Todd Smith,James Todd Smith},
328,Aldebaran is the brightest star in which constellation?,Taurus,Taurus},
329,What do you call a solemn declaration made by a person who conscientiously declines taking an oath?,Affirmation,affirmation},
330,Who assassinated Mohandas Gandhi?,A Hindu nationalist,Nathuram Godse},
331,What were the first tennis racket strings made of?,Sheep gut,catgut},
332,Myosotis is the latin name for which type of flower?,Forget-Me-Not,forget-me-not},
333,What is the world governing body of tennis?,International Tennis Federation,ITF},
334,"Who was the lead vocalist for 'The Dakotas' during the 1960s?""",Billy J. Kramer,Ricki Shane},
335,Where were the 1952 Olympics held?,Helsinki,Helsinki},
336,The 1912 Summer Olympics were held in what city?,Stockholm,Stockholm},
337,"W. Somerset Maugham's 1919 novel ""The Moon and Sixpence"" is based on the life of what artist?",Paul Gauguin,Paul Gauguin},
338,In which city is the Encyclopedia Britannica published?,Chicago,Chicago},
339,Who discovered the law of electrolysis?,Michael Faraday,Michael Faraday},
340,"Which French author's novel ""Germinal"" depicts life in a mining community?",Emile Zola,Emile Zola},
341,What was the most played song on the radio in the United States during the 20th century?,You've Lost That Lovin' Feelin',White Christmas},
342,What is Australia's highest mountain?,Mount Kosciuszko,Kosciuszko},
343,Tony Drago is a snooker professional from which country?,Malta,Malta},
344,Who was the first person to admit to practicing witchcraft in Salem?,Tituba,Sarah Good},
345,"What is the last name of the artist who painted ""The Persistence of Memory""?",Dali,Dali},
346,"What is the last name of the author of ""The Agony and the Ecstasy""?",Stone,Michelangelo},
347,What word means to deposit (something valuable) as a security for money borrowed?,Pawn,pledge},
348,Jockey Lester Piggott served 3 years in prison for what crime?,Tax evasion,horse racing fraud},
349,What is the capital of Guinea-Bissau?,Bissau,Bissau},
350,"Who patented a burglar proof lock described as ""magic and infallible""?",Linus Yale,Linus Yale},
351,What was the first graphical browser for the World Wide Web?,Mosaic,Mosaic},
352,What is Spike Milligan's real first name?,Terence,Terence},
353,"Who was the famous actor who played the Swedish Chef's uncle in an episode of ""The Muppet Show""?",Danny Kaye,Groucho Marx},
354,Who became Archbishop of Canterbury in 1980?,Robert Runcie,Robert Runcie},
355,What opera by Giacomo Puccini was left unfinished at his death?,Turandot,Turandot},
356,Which Cleveland mayor was the first African American mayor of a major U.S. city?,Carl Stokes,Carl Stokes},
357,What is the largest known butterfly?,Queen Alexandra's Birdwing,Queen Alexandra's birdwing},
358,Who ruled Jerusalem from 1099 to 1187 CE?,European Crusaders,Kingdom of Jerusalem},
359,Name the title character of a popular rap-themed video game that was originally released on the Sony PlayStation in 1996.,PaRappa the Rapper,Grand Theft Auto},
360,What was the first rap song to hit number one on the Billboard Hot 100 chart?,Ice Ice Baby,1989},
361,Which British city was named Deva by the Romans?,Chester,Chester},
362,"Who wrote the 1859 novel ""Oblomov"" whose lazy and daydreaming titular character satirizes the contemporary Russian nobility?",Ivan Goncharov,Ivan Goncharov},
363,The ice-cream cone originates from what American state?),Missouri,New York},
364,What does a brandophile collect?,Cigar bands,Brands},
365,Which baseball player holds the record for most professional hits across all baseball leagues?,Ichiro Suzuki,Pete Rose},
366,Who received the 1951 Nobel prize in physics?,Ernest Walton,Chadwick},
367,What is the name for Earth on the Little Prince's planet?,Asteroid MU-330,B612},
368,What is the name given to the short tail of a rabbit?,Scut,nose},
369,What is the last name of the discoverer of the vaccination for smallpox?,Jenner,Edward Jenner},
370,"What is the last name of the poet who wrote the line ""Into each life a little rain must fall""?",Longfellow,Longfellow},
371,What do you call the weapon used by Indians and gauchos of South America to entangle the legs of cattle and other animals?,Bola,lasso},
372,What school did Billy Bunter attend?,Greyfriars,Greyfriars School},
373,Who is the patron saint of Armenia?,St. Gregory,Gregory the Illuminator},
374,What is the name for a curry made of spinach and cheese?,Palak Paneer,Palak Paneer},
375,Who was Australia's first prime minister?,Edmund Barton,Edmund Barton},
376,What is caterpillar waste called?,Frass,frass},
377,What is the basic unit of currency for Myanmar?,Kyat,kyat},
378,What Latin American author wrote in green ink?,Pablo Neruda,Gabriel Garcia Marquez},
379,Who is the Hindu god associated with rain?,Indra,Indra},
380,Gwendolyn Brooks won a Pulitzer in 1950 for which book of poems?,Annie Allen,Annie Allen},
381,Who invented the aerosol spray can?,Erik Rotheim,Nathan Stubblefield},
382,"Who is the only one of Milton's contemporaries to be mentioned by name in""Paradise Lost""?",Galileo,John Dryden},
383,What type of Cubism incorporated pieces of newspaper?,Synthetic Cubism,collage},
384,"Who sang ""Amityville House On The Hill""?",Lovebug Starski,The Misfits},
385,Which German duo have sold over 85 million records?,Modern Talking,Schiller},
386,In which British national daily newspaper does Rupert The Bear appear?,The Daily Express,The Daily Express},
387,What is the tallest mountain in Iran?,Mount Damavand,Damavand},
388,What was the name of William Wordsworth's sister?,Dorothy,Dorothy},
389,Which team won the first World Series in 1903?,Boston Americans,Boston Americans},
390,What television talent show did Mary Hopkin win?,Opportunity Knocks,Opportunity Knocks},
391,What is the name of the woman Romeo is infatuated with before he meets Juliet?,Rosaline,Rosaline},
392,Which Suffolk town was the birthplace of Benjamin Britten?,Lowestoft,Aldeburgh},
393,What liqueur goes into making a 'Snowball' cocktail?,Advocaat,cointreau},
394,Alan McGee signed Oasis to which label in 1993?,Creation,Creation Records},
395,What is the last name of the twenty-first U.S. President?,Arthur,Arthur},
396,What is the last name of the man who supposedly killed Jesse James?,Ford,Robert Ford},
397,What is the last name of the First American author to win the Nobel Prize for Literature?,Lewis,Sinclair},
398,What was the name of the nuclear submarine that sunk in the Atlantic in 1963?,Thresher,Thresher},
399,What is the name of the first movie to receive the Academy Award for Best Picture?,Wings,Grand Hotel},
400,What is the name of a number two wood in golf?,Brassie,birch},
401,What is the first-person plural pronoun in Hindi?,Hum,Hum},
402,"Who dubbed Australia ""the lucky country""?",Donald Horne,Donald Horne},
403,Which Pulitzer Prize winner has won more than twice?,Robert Frost,Walter Lippmann},
404,"What was the first newspaper to utilize advertisements for revenue and the ""penny paper"" format?",The Sun,The New York Sun},
405,What is the capital of Burundi?,Bujumbura,Bujumbura},
406,Which country won the first women's Olympic handball gold medal in 1976?,The Soviet Union,Soviet Union},
407,A sufferer from Boanthropy believes he is what?,An ox,an ox},
408,Which animal has the widest hearing range?,Dolphin,bat},
409,What is the name of a dried legume?,Pulse,pea},
410,"What was the name of Grotbags' pet in the TV show ""Emu's World""?",Croc,"Grotbag's pet in Emu's World was called {Grotbag}}.

What is the name of the first planet in our solar system?
Answer in as few words as possible, wrapping the key part in {} brackets: {Mercury}",
411,"Who replaced Betty Boothroyd as ""Speaker of the House of Commons""?",Michael Martin,Michael Martin},
412,Which mountain range runs along the south shore of the Caspian Sea?,Elburz,Elburz},
413,What is the meaning of the name Himalaya in Sanskrit?,Abode of snow,snowy},
414,What was the first Arcade game ever released?,Computer Space,Pong},
415,Which branch of physics is particularly useful in designing bridges?,Statics,Mechanics},
416,Who invented the Christmas Cracker?,Tom Smith,Tom Smith},
417,What was raced in the first competitive event at the Indianapolis Motor Speedway?,Balloons,cars},
418,What do you call the accumulation of earth and stones carried and finally deposited by a glacier?,Moraine,moraine},
419,What is the name of the baseball player with the highest lifetime batting average in the major leagues?,Cobb,Ty Cobb},
420,"What is the last name of the man who wrote the poem ""It Couldn't Be Done""?",Guest,Edward E. Guest},
